"","Seizure.Date","Cannabis","Cocaine","Heroin"
"1","1/1/10",79.02,46.012,2.0675
"2","1/1/13",268.3784,341.57347,7.012053
"3","1/1/14",30.130212,937.304002,0.02761
"4","1/1/15",51.12892,0.007773,7.3410825
"5","1/10/10",1550.6866,14.756,19.4702
"6","1/10/13",1006.580928,73.7461,34.591989
"7","1/10/14",124.79411189,7.484317,12.12652
"8","1/10/15",38.939,5.4275029,23.50522
"9","1/11/10",153.91578,24.684,31.16291
"10","1/11/13",133.7391733,83.7302,19.2740119
"11","1/11/14",40.93627,453.9675,70.767521
"12","1/11/15",117.86154,4.47621,1.13505
"13","1/12/10",25.225,1477.125,12.84259
"14","1/12/13",7906.48544,590.376576,7.6464
"15","1/12/14",336.932312348,351.99281,0.66958
"16","1/12/15",11.7793685,1.418917,38.6742
"17","1/13/10",35.67348,81.596,6.58372
"18","1/13/13",593.185,3578.8323,52.631
"19","1/13/14",177.80596,6.5516,4.4032259
"20","1/13/15",14.086723,39.514852,960.771755
"21","1/14/10",141164.06751,9.619,4.46704
"22","1/14/13",3841.34567,19.84665,18.13103
"23","1/14/14",112.683045,94.22063,9.49043
"24","1/14/15",24.012685,1.029108,4.5180102
"25","1/15/10",1243.24352,24.422,5.50246
"26","1/15/13",759.31905,52.57491,5.8450073
"27","1/15/14",579.35611,53.943502,1.627658
"28","1/15/15",38.595008,0.626359,2.2887659
"29","1/16/10",953.456,59.512,2.29261
"30","1/16/13",561.80038,188.461,42.8213
"31","1/16/14",263.4796537,1247.9038,875.243497
"32","1/16/15",40.177682,0.70733,9.077756
"33","1/17/10",5064.159,5.23,3.76483
"34","1/17/13",400.3542,626.06098,92.174337
"35","1/17/14",3961.891118,115.938767,1.881853
"36","1/17/15",30.88879,0.423645,5.20558
"37","1/18/10",378.18731,57.822,7.06801
"38","1/18/13",1995.816656,821.54919,88.316042
"39","1/18/14",5429.718,325.81566,5.35466714
"40","1/18/15",4.67694,0.87077,0.53523
"41","1/19/10",334.64924,34.524,19.89172
"42","1/19/13",8818.586551,98.7598,0.60057
"43","1/19/14",1255.04546,119.51829,99.14352
"44","1/19/15",15.2826518,0.879219,15.528313
"45","1/2/10",25.775,8.705,6.25258
"46","1/2/13",139.516343,0.7002,0.956
"47","1/2/14",194.66388,101.08614,8.58421
"48","1/2/15",93.544624,12.964748,1.998432
"49","1/20/10",884.72196,4.629,20.74412
"50","1/20/13",204.5783375,2515.9143,24.544035
"51","1/20/14",693.471241,355.374162,2.92031
"52","1/20/15",25.4151241,2.15449,2.552337
"53","1/21/10",596.17894,75.774,27.55373
"54","1/21/13",718.445634,3849.0019,9.1024432
"55","1/21/14",339.4947301,190.37679,5.11186
"56","1/21/15",29.90493,8.4665474,5.329383
"57","1/22/10",232.98593,40.336,43.41423
"58","1/22/13",200.9139,16.9302,11.829
"59","1/22/14",1040.329429,2768.15783,2.4774054
"60","1/22/15",21.182557,4.122492,2.8094658
"61","1/23/10",671.15,39.911,11.88
"62","1/23/13",782.404527,46.67445,3.359
"63","1/23/14",835.98168,1516.100275,29.01044266
"64","1/23/15",97.130214,45.532838,29.85003
"65","1/24/10",148.543,4.391,7.87423
"66","1/24/13",1909.5455555,789.965395,6.4806942
"67","1/24/14",2905.51212,35.875368,9.401593
"68","1/24/15",21.00065,0.131664,120.30721
"69","1/25/10",756.77315,28.901,7.17682
"70","1/25/13",3188.401953,892.0518,1.444309
"71","1/25/14",672.149079,15.239725,16.8195566
"72","1/25/15",9.633633,2.5914345,4.5069444
"73","1/26/10",1136.6884,438.236,10.154882
"74","1/26/13",1434.54,64.3605,93.831
"75","1/26/14",66.623706,425.35882,21.026686
"76","1/26/15",46.57271,0.37084,15.89308
"77","1/27/10",388.249,1843.76,10.3415
"78","1/27/13",296.779,108.414057,42.9111
"79","1/27/14",132.7114421,1555.1990111,27.165508
"80","1/27/15",46.259167,1.7065054,4.9494918
"81","1/28/10",4172.4815,580.348,28.23973
"82","1/28/13",93.99517,153.44764,13.565607
"83","1/28/14",675.430632,218.97305,112.375177
"84","1/28/15",20.308764,47.819029,8.4688747
"85","1/29/10",1331.38549,20.936,5.46508
"86","1/29/13",460.818585,160.4136,160.6271
"87","1/29/14",558.213238,424.60195,3.842461
"88","1/29/15",166.304352,0.408469,3.938037
"89","1/3/10",48.74854,194.598,21.3
"90","1/3/13",201.01416,555.3662,1098.61929
"91","1/3/14",1611.346384,0.745574,43.074405
"92","1/3/15",183.01643,0.25506,10.704486
"93","1/30/10",1709.929,38.267,4.4202
"94","1/30/13",540.45148328,117.8856,8.2142419
"95","1/30/14",5486.7953381,662.733422,9.9911936
"96","1/30/15",43.867459,0.633947,3.810783
"97","1/31/10",249.237,26.352,4.25294
"98","1/31/13",362.94076203,1336.83635632,26.0609702
"99","1/31/14",2025.6875,326.106916,14.349955
"100","1/31/15",36.254715,3.670398,1.74128
"101","1/4/10",64.51939,1.089,11.51285
"102","1/4/13",241.687891,30.86998,2.4494441
"103","1/4/14",168.181793,6.90524,19.068184
"104","1/4/15",103.987532,0.02547,571.29163
"105","1/5/10",314.7993,29.678,6.21035
"106","1/5/13",2399.9969344,3.9971,18.3909079
"107","1/5/14",1203.37923,43.1434,5.18971
"108","1/5/15",69.688793,151.270327,28.7329666
"109","1/6/10",73.91983,76.764,1.6383
"110","1/6/13",1380.4061,6.8868,14.086
"111","1/6/14",122.73229,30.89307,3.4902393
"112","1/6/15",153.401591,0.0303,3.714507
"113","1/7/10",119.25448,2016.6043,31.64874
"114","1/7/13",274.274,16.0659,7.509
"115","1/7/14",474.18418,401.7888,1.741781
"116","1/7/15",153.073669,0.041263,1.7105352
"117","1/8/10",19846.9793,3.321,4.67723
"118","1/8/13",9378.59172,6.6698,151.81789
"119","1/8/14",417.00813,23.57104,4.28449
"120","1/8/15",49.161974,0.491878,3.44936
"121","1/9/10",116.17897,11.89,7.56625
"122","1/9/13",363.909643,19.719184,8.176
"123","1/9/14",204.1173941,30.99565,9.203657
"124","1/9/15",70.980982,1.272335,2.9895549
"125","10/1/10",1969.185,15.633,3.675
"126","10/1/13",277.2181,4.3745,163.343274
"127","10/1/14",690.676217,1468.6526,3.822295
"128","10/1/15",0.20697,0.44387,0.002608
"129","10/10/10",150.461,58.451,6.968
"130","10/10/13",3248.3476133,36.5875,23.732092
"131","10/10/14",103.567161,773.61219,0.480793
"132","10/10/15",0.03915,2.7231758,2.20491
"133","10/11/10",346.200543,29.683,3.084019
"134","10/11/13",1133.832651,179.7701,9.419
"135","10/11/14",515.91129,127.0479,1.2103
"136","10/11/15",0.439183,0.01303,10.40292
"137","10/12/10",93.64,285.591,7.71532
"138","10/12/13",1984.456,2050.53,12.1264
"139","10/12/14",55.72344,1133.65837,0.289
"140","10/12/15",40.014164,0.00332,2e-05
"141","10/13/10",5027.8724775,591.572,3.899
"142","10/13/13",313.0545,110.8322,28.1822801
"143","10/13/14",202.29462,700.40466,7.358252
"144","10/13/15",0.006846,0.20514,46.630512
"145","10/14/10",491.2734138,13.402,3.5490387
"146","10/14/13",4466.8002,1091.626,9.130025
"147","10/14/14",1180.6942512,664.28252,7.440134
"148","10/14/15",8.340017,1.1838576,8.59e-05
"149","10/15/10",351.805,25.344,6.5126
"150","10/15/13",1175.37938,33.786,7.817612
"151","10/15/14",2071.86716,86.8439,5.619523
"152","10/15/15",3.69249,0.746371,NA
"153","10/16/10",3402.8622,126.033,5.552
"154","10/16/13",1346.65947,2637.0139,1.5340051
"155","10/16/14",541.96645,676.453,9.59606
"156","10/16/15",0.202664,0.287837,0.21316
"157","10/17/10",399.422192,70.843,4.8268
"158","10/17/13",899.62973,4024.916,138.847
"159","10/17/14",1816.093755,15.286035,3.915951
"160","10/17/15",4.137818,0.0404816,26.00092
"161","10/18/10",3131.212,29.02,5.044
"162","10/18/13",912.8852,42.5081,27.5012236
"163","10/18/14",494.132676,562.276,0.290667
"164","10/18/15",0.006424,9.357713,7.00017
"165","10/19/10",250.434146,152.235,2.872
"166","10/19/13",1572.55299,327.746,11.6839327
"167","10/19/14",2138.68648,677.8871,NA
"168","10/19/15",0.12755,7.041865,0.00429
"169","10/2/10",176.3125,240.9004,1.226
"170","10/2/13",4461.771106,453.86505,19.3437
"171","10/2/14",231.413764,771.2741,6.965313
"172","10/2/15",0.192841,0.6881042,845.00175
"173","10/20/10",1243.178,26.272,20.634
"174","10/20/13",798.0761,829.0683,1.3158
"175","10/20/14",1594.9554,143.0105,6.495681
"176","10/20/15",0.086141,0.064838,3
"177","10/21/10",73.702,16.147,4.347
"178","10/21/13",1295.047005,1707.500686,162.5680551
"179","10/21/14",703.101374,59.0732,46.339051
"180","10/21/15",0.258259,17.422632,0.00172
"181","10/22/10",4625.942,16.401,15.047
"182","10/22/13",219.63849,1034.60659,138.7338906
"183","10/22/14",148.5519,82.0705,0.905156
"184","10/22/15",2.424553,0.0918463,1.86211
"185","10/23/10",88.544,189.168,1.822
"186","10/23/13",7273.056871,1009.17765,45.739017
"187","10/23/14",4550.81892,1046.9214666,10.434042
"188","10/23/15",0.259668,0.400231,1.9006
"189","10/24/10",32424.4288,225.877,98.941
"190","10/24/13",2173.288027,1365.106017,214.8079
"191","10/24/14",313.421932,712.5317,55.748141
"192","10/24/15",0.019058,0.051161,0.00154
"193","10/25/10",1018.38283,167.424,4.23814
"194","10/25/13",4744.7758,363.281975,7.7037481
"195","10/25/14",285.934232,439.97394,2.58825
"196","10/25/15",4.71378,2.12588,0.00015
"197","10/26/10",9610.8914,20.5745,10.43
"198","10/26/13",7159.183917,71.21496,102.531661
"199","10/26/14",85.990882,1.24435,113
"200","10/26/15",0.062056,0.012228,0.70003
"201","10/27/10",1885.942,57.688,25.0430363
"202","10/27/13",1507.1072,2818.8675,14.7797177
"203","10/27/14",72.347907,93.17939,1.913907
"204","10/27/15",11.052886,0.200682,1.1006901
"205","10/28/10",11710.57,14.603,4.345
"206","10/28/13",166.16128,2508.42838,4.61
"207","10/28/14",1280.4579,308.2035,7.79265
"208","10/28/15",8.520082,0.686995,0.0025305
"209","10/29/10",159.415061,54.035,16.214824
"210","10/29/13",635.2877183,1688.634128,15.3386
"211","10/29/14",792.736881,71.8498,0.87904
"212","10/29/15",2.516886,1.6638,14.1008
"213","10/3/10",929.736,459.789,8.566
"214","10/3/13",372.3488,694.81975,3.946905
"215","10/3/14",183.228989,117.853,91.75499
"216","10/3/15",0.2,0.53827,1.00079
"217","10/30/10",318.233,34.65,11.26
"218","10/30/13",6057.205,970.4903,18.136
"219","10/30/14",528.88242,159.31262,176.769405
"220","10/30/15",332.697261,0.322237,0.00093
"221","10/31/10",592.039,68.033,4.93355
"222","10/31/13",308.066988,489.9224,5.06307
"223","10/31/14",152.8444588,286.747725,1.1143903
"224","10/31/15",0.052922,0.0508249,7.12
"225","10/4/10",194.715,951.865,27.6824292
"226","10/4/13",3672.878,358.6118,8.004
"227","10/4/14",1091.844906,676.77454,4.435048
"228","10/4/15",0.30925,0.07309,3e-04
"229","10/5/10",738.095,10.105,16.907174
"230","10/5/13",435.8548,1582.8164,3.5228
"231","10/5/14",701.0513,82.1951,7.743347
"232","10/5/15",0.0148229,0.01286,0.40311
"233","10/6/10",10312.308,33.801,1.8793174
"234","10/6/13",1857.214,8.1038,5.699157
"235","10/6/14",115.94128,44.123747,29.6122
"236","10/6/15",2.44776,15.21355,3.173224
"237","10/7/10",2080.9510167,197.616,4.310017
"238","10/7/13",482.8558,6.95296,39.610999
"239","10/7/14",396.034421,313.2606,8.73485
"240","10/7/15",2.25803,2.710199,0.0028
"241","10/8/10",2681.352,108.485,1.420148
"242","10/8/13",7278.8043,1575.009,9.3982086
"243","10/8/14",350.6405982,92.89367,27.281792
"244","10/8/15",0.150655,3.067264,1.50052
"245","10/9/10",1740.809,379.028,13.928
"246","10/9/13",4068.014458,93.091,7.80788071
"247","10/9/14",354.1318469,669.212,1.17164
"248","10/9/15",2.715423,0.212867,5.040671
"249","11/1/10",1413.4175,34.9551,14.7370041
"250","11/1/13",530.86281,17.9748937,5.49665
"251","11/1/14",96.568352,315.7324,1.34311
"252","11/1/15",0.021052,0.555771,0.63008
"253","11/10/10",2001.883109,417.442,2.762
"254","11/10/13",91.9206,72.8169,1.613317
"255","11/10/14",177.678453,4149.672254,10.388338
"256","11/10/15",0.230059,0.035078,30.23661
"257","11/11/10",5324.35,100.856,15.086
"258","11/11/13",5309.135,10.888,18.924
"259","11/11/14",5446.78022,207.1887,1.56713
"260","11/11/15",2.207465,0.0222487,34.0609423
"261","11/12/10",254.67662,18.39,0.453336
"262","11/12/13",183.086875,4.8845,26.6709
"263","11/12/14",426.252268,135.65103,3.9299456
"264","11/12/15",2.548962,0.0856269,0.42
"265","11/13/10",3350.786571,29.305,45.0367544
"266","11/13/13",2026.136211,660.3607,2.61451
"267","11/13/14",43541.528742,1336.787108,30.840542
"268","11/13/15",0.083786,5.157512,0.4700409
"269","11/14/10",10.079,14.439,8.3348
"270","11/14/13",1803.976,69.9981,9.73623
"271","11/14/14",906.073983,1355.1911,11.357527
"272","11/14/15",0.13601,0.053799,5.00034
"273","11/15/10",2396.564,12.798,134.09437
"274","11/15/13",3194.9162,756.7482,40.181
"275","11/15/14",308.151891,808.8514,1.855637
"276","11/15/15",0.08127,0.089472,1.80078
"277","11/16/10",599.479,112.2665,193.367
"278","11/16/13",487.1805,82.1844,2.40997
"279","11/16/14",31.36059,124.0241,300.770827
"280","11/16/15",0.02737,0.532775,73.5004701
"281","11/17/10",209.467,42.295,25.2580697
"282","11/17/13",214.11212,153.078,3.344
"283","11/17/14",130.2201995,178.0667,5.579796
"284","11/17/15",8.668894,0.4800312,0.049289
"285","11/18/10",1806.843,68.972,2.437
"286","11/18/13",749.8021,167.923651,12.743
"287","11/18/14",354.22536,434.9974,3.5152906
"288","11/18/15",2.059555,0.677233,1.7067
"289","11/19/10",398.941489,61.848,2.7450042
"290","11/19/13",3498.49459,655.07072433,0.791715
"291","11/19/14",2944.044224,527.3235,2.31845
"292","11/19/15",9.513506,0.539351,3.39216
"293","11/2/10",40903.682017,62.541,7.852
"294","11/2/13",1565.508712,477.9414,18.3234
"295","11/2/14",8273.57788,11.569,160.6882
"296","11/2/15",0.2296899,1.2611463,24.58193
"297","11/20/10",1122.8463,96.397,1.992
"298","11/20/13",613.20708,516.0023,25.1695758
"299","11/20/14",861.55016,1149.198805,3.1499992
"300","11/20/15",0.157697,6.5535,2.79088
"301","11/21/10",673.647036,71.08,8.89114
"302","11/21/13",4005.86231,1304.7734,15.2528
"303","11/21/14",458.299459,249.1441,4.86689
"304","11/21/15",0.971651,0.6996739,1.51592
"305","11/22/10",804.702,28.19,2.772979
"306","11/22/13",1548.64501,240.7713,22.792
"307","11/22/14",2380.206262,33.3368,41.049264
"308","11/22/15",3.628989,1.333682,3.45204
"309","11/23/10",2370.962,40.6128,20.082
"310","11/23/13",5048.13691,333.497,26.839
"311","11/23/14",749.38488,433.4636,1.8217
"312","11/23/15",0.061269,1.404951,1.0106
"313","11/24/10",810.94515,53.282,27.5801334
"314","11/24/13",145.574,958.6778,7.2116
"315","11/24/14",2208.70913,353.5035,0.025
"316","11/24/15",66.62124,0.00465,2.011544
"317","11/25/10",2335.992,62.772,19.815
"318","11/25/13",127.075818,2064.2174,5.779
"319","11/25/14",692.42151,101.615,9.10627
"320","11/25/15",0.117584,2.665092,2.8506444
"321","11/26/10",20379.83143,11.4,11.9270623
"322","11/26/13",1376.2175,23.176645,329.553198
"323","11/26/14",1475.418369,86.59416,7.1097271
"324","11/26/15",5.817062,2.857609,0.05141
"325","11/27/10",34.603,15.003,28.3911
"326","11/27/13",311.800158,849.01828,7.22645
"327","11/27/14",114.010432,119.229594,1.3082124
"328","11/27/15",0.318421,0.686166,0.90059
"329","11/28/10",324.233,18.181,39.901293
"330","11/28/13",5528.673165,2535.465,8.619
"331","11/28/14",236.33916,1217.5468,68.84392
"332","11/28/15",0.210356,5.093426,0.06006
"333","11/29/10",497.746,26.901,5.69415
"334","11/29/13",279.108116,72.720607,29.8232655
"335","11/29/14",94.059,47.0047,3.853353
"336","11/29/15",6.547408,0.456997,4.000209
"337","11/3/10",1378.3745209,17.252,277.966032
"338","11/3/13",139.7961,2499.6602,12.153
"339","11/3/14",524.48839,160.1841,0.75166
"340","11/3/15",0.2921,0.015421,0.00082
"341","11/30/10",90.19507,109.122,5.969091
"342","11/30/13",285.6615,474.72669,10.335
"343","11/30/14",117.89231,678.4788,0.33287
"344","11/30/15",2.442083,1.162879,0.00045
"345","11/4/10",157.538,24.624,123.8428
"346","11/4/13",226.7123808,357.90987,3.074
"347","11/4/14",1746.15665,254.775999,2.10133
"348","11/4/15",1.039964,0.305358,3.677
"349","11/5/10",237.035,69.783,7.0725578
"350","11/5/13",678.96336,615.6875,571.206896
"351","11/5/14",5625.167358,3.776412,2.72261
"352","11/5/15",1.006724,0.519104,2.0001
"353","11/6/10",720.807,27.147,1.151
"354","11/6/13",8087.6271,102.662126,2.562081
"355","11/6/14",463.2674132,88.964826,60.628953
"356","11/6/15",0.033263,5.226167,0.205923
"357","11/7/10",517.979,59.718,2.824
"358","11/7/13",2221.7915797,1854.6217,102.9680664
"359","11/7/14",991.1293002,160.299999,3.269675
"360","11/7/15",0.239413,1.787937,NA
"361","11/8/10",1226.784,39.004,12.971
"362","11/8/13",315.0778,1140.5869,8.134603
"363","11/8/14",646.24426,24.99103,0.60031
"364","11/8/15",0.010785,2.865536,3
"365","11/9/10",5004.311,260.419,2.12552
"366","11/9/13",91.3806,1138.7283,95.379
"367","11/9/14",754.51783,631.27694,7.289718
"368","11/9/15",0.005328,0.00233,15.00012
"369","12/1/10",3679.5176867,1290.066,3.603
"370","12/1/13",2026.38475,1493.5633,0.7248
"371","12/1/14",1503.68679,778.387998,8.975
"372","12/1/15",1.356315,0.058324,0.54578
"373","12/10/10",147.541,5.857,3.2218
"374","12/10/13",627.9003,878.4326,13.422253
"375","12/10/14",306.38651,3.7804,8.021617
"376","12/10/15",11.923606,142.052209,16.215589
"377","12/11/10",654.043,44.458,23.916
"378","12/11/13",1892.42623,447.6095,8.0003
"379","12/11/14",271.71909,272.639625,38.9700918
"380","12/11/15",0.044947,0.021833,2.3036801
"381","12/12/10",149.092,45.687,2.32985
"382","12/12/13",232.5632,1060.20512,20.905
"383","12/12/14",237.732762,527.1358,25.477955
"384","12/12/15",0.067232,11.708189,0.70098
"385","12/13/10",62.7485,42.078,17.4390817
"386","12/13/13",810.777962,12.2177,0.606
"387","12/13/14",79.2619,0.959,2.300618
"388","12/13/15",0.046901,1.181014,0.00054
"389","12/14/10",243.23,128.489,9.381024
"390","12/14/13",926.641,5.4281,22.174
"391","12/14/14",113.915906,11.78493,0.141
"392","12/14/15",0.21545,0.63186,10.099708
"393","12/15/10",383.968,80.823,9.838
"394","12/15/13",140.19,58.96792,0.584576
"395","12/15/14",1151.092417,11.406615,134.681552
"396","12/15/15",2.1848545,1.0505092,0.00033
"397","12/16/10",66.98419,23.125,1.752
"398","12/16/13",2070.7798,150.0188,32.6050019
"399","12/16/14",1936.256133,170.4965,14.95717
"400","12/16/15",1.379427,0.033068,1.44053
"401","12/17/10",65.548,316.325,116.43363
"402","12/17/13",3907.61303,74.7869,7.270677
"403","12/17/14",699.50576,230.7914,50.940518
"404","12/17/15",3.538327,0.145385,0.000477
"405","12/18/10",43.276,42.714,2.038
"406","12/18/13",448.470052,10.23277,0.845147
"407","12/18/14",4003.955992,1136.2675,0.14706
"408","12/18/15",0.014239,0.10444501,0.00913
"409","12/19/10",44.701,203.206,NA
"410","12/19/13",138.673,189.767901,19.254
"411","12/19/14",134.140594,644.1724,163.0135058
"412","12/19/15",0.071163,0.05677,0.84093
"413","12/2/10",107.64265,203.811,2.461067
"414","12/2/13",90.992154,10.9354,1.361815
"415","12/2/14",187.83255,1473.5088445,7.80676
"416","12/2/15",4.712536,2.5674374,2.60531
"417","12/20/10",591.64,174.441,6.121
"418","12/20/13",98.501207,33.17401,5.702
"419","12/20/14",66.154468,18.414027,3.1057
"420","12/20/15",0.010872,4.447787,1.0008
"421","12/21/10",11.97,77.75,2.9034926
"422","12/21/13",1031.756048,118.1232578,17.0812
"423","12/21/14",81.801793,225.3422,0.549
"424","12/21/15",0.012388,0.1939342,1.1600173
"425","12/22/10",504.385,4.298,10.0376
"426","12/22/13",606.43,309.4989,0.971
"427","12/22/14",1762.2481,4.8282,6.5171
"428","12/22/15",0.01069,0.32261,3.79887
"429","12/23/10",14.55785,37.41,6.725339
"430","12/23/13",117.8348,15.8129,5.276
"431","12/23/14",18.056,43.91815,45.6556533
"432","12/23/15",0.015307,0.031818,5.0911
"433","12/24/10",88.908,44.852,20.7506643
"434","12/24/13",3413.596,466.7503,1.5210356
"435","12/24/14",109.092638,11.737,6.029276
"436","12/24/15",1.01264,4.44488,2.7149
"437","12/25/10",11.562103,19.884,NA
"438","12/25/13",115.0148,466.432352,1.893
"439","12/25/14",1227.89039,7.319,687.15485
"440","12/25/15",0.068975,0.081727,1e-04
"441","12/26/10",133.00516,7.421,NA
"442","12/26/13",58.8223,13.461,2.0154
"443","12/26/14",55.476092,336.851,8.38368
"444","12/26/15",0.095577,0.08223,0.0057
"445","12/27/10",29.1607,24.6536266,0.789
"446","12/27/13",111.855,0.685,47.9125
"447","12/27/14",21.5103,120.3215,2.2829
"448","12/27/15",89.07904,0.00716,1.0001
"449","12/28/10",49.445057,5.393,4.513125
"450","12/28/13",13.57,23.8882,40.591
"451","12/28/14",151.5245944,318.0167,1.9057
"452","12/28/15",0.11453,12.09961,0.00124
"453","12/29/10",44.56789,668.469,16.864886
"454","12/29/13",44.27,7.4264,4.3226
"455","12/29/14",307.396002,4.26073,22.7919
"456","12/29/15",0.069111,0.678125,1.69034
"457","12/3/10",142.788,19.86,84.34036
"458","12/3/13",128.81128,2652.436427,550.37351
"459","12/3/14",194.237448,2315.5153697,6.44189
"460","12/3/15",1.863978,0.117935,0.28031
"461","12/30/10",91.546,214.413,2.0132547
"462","12/30/13",46.536936,25.1636,2.778038
"463","12/30/14",41.304385,0.6996521,4.8655264
"464","12/30/15",1.103278,0.01518,40.21199
"465","12/31/10",7.721,15.227,3.3125274
"466","12/31/13",68.16509172,39.628316,15.413195
"467","12/31/14",194.82993,3.1408,7.475792
"468","12/31/15",636.01317,0.003325,0.01892
"469","12/4/10",285.06,21.774,17.016
"470","12/4/13",2172.52866,321.233839,20.76715
"471","12/4/14",5208.178518,3724.4190956,80.8302703
"472","12/4/15",0.569507,15.5825032,0.0012808
"473","12/5/10",1179.307,7.838,0.63381
"474","12/5/13",68.02456,111.7358,19.9211112
"475","12/5/14",767.871613,1592.18068,2.34667
"476","12/5/15",0.053886,0.3138995,0.19028
"477","12/6/10",31.027,116.665,5.805831
"478","12/6/13",2559.56783,84.86172,2.00459
"479","12/6/14",750.56191,1125.230895,1.12314
"480","12/6/15",0.280606,0.041066,0.00155
"481","12/7/10",94.992207,542.14696,9.445386
"482","12/7/13",2089.899,10.67692,10.398
"483","12/7/14",121.54142,560.00875,4.2572
"484","12/7/15",0.02266,0.11262,31.00125
"485","12/8/10",135.831,27.8796,6.78045
"486","12/8/13",2590.066,10.8255,2.813
"487","12/8/14",978.036915,41.6383,15.219659
"488","12/8/15",0.189829,90.513878,4.00074
"489","12/9/10",42.474918,170.44,1.602
"490","12/9/13",116.67124,343.74414,78.6782798
"491","12/9/14",150.599953,371.3942,5.273822
"492","12/9/15",0.434483,9.095848,0.65494
"493","2/1/10",129.03789,34.003857143,3.12446
"494","2/1/13",2544.8755304,411.3793,1.7254
"495","2/1/14",229.465432,31.13775,2.8668
"496","2/1/15",6.1448,1.34893,0.10933
"497","2/10/10",179.53,51.385,3.21053
"498","2/10/13",868.729,824.93848,0.885062
"499","2/10/14",657.52922,2041.3449,7.71003
"500","2/10/15",84.598219,2.9059897,0.68759653
"501","2/11/10",277.29074,182.042,29.57069
"502","2/11/13",1559.8848887,17.87429,41.1952
"503","2/11/14",3423.628335,9.5645,13.1573006
"504","2/11/15",26.505887,2.559568,2.230685
"505","2/12/10",41.40655,35.444,23.56269
"506","2/12/13",3943.435475,68.9472,26.355000004
"507","2/12/14",511.645872,214.17235,104.06082
"508","2/12/15",70.846341,0.7422915,4.067844
"509","2/13/10",12417.5181,17.673,9.96
"510","2/13/13",2831.122136,16.10167,19.1069577
"511","2/13/14",3075.798443,697.503185,18.232481
"512","2/13/15",37.981109,0.291792,9.852149
"513","2/14/10",130.495,4.651,14.327
"514","2/14/13",566.069501,1789.994008,11.254106
"515","2/14/14",291.9420852,148.378958,9.330143
"516","2/14/15",16.722309,3.8125,244.791049
"517","2/15/10",126.4513,27.086,18.57567
"518","2/15/13",846.1105,24.20826,6.1533
"519","2/15/14",2468.584736,559.683255,0.8540117
"520","2/15/15",12.547425,5.6559,1.845951
"521","2/16/10",117.42402,4.65,35.3144
"522","2/16/13",1508.5888,617.242199,537.551
"523","2/16/14",167.719458,16.821294,9.59333
"524","2/16/15",80.52485,3.395502,1.991773
"525","2/17/10",406.8111,22.955,8.77984
"526","2/17/13",861.757,70.5689,6.069
"527","2/17/14",3430.4287629,358.52804,0.7215911
"528","2/17/15",19.75849,0.12785,13.361799
"529","2/18/10",149.4077,82.861,46.47577
"530","2/18/13",254.809342,135.7832,14.5807213
"531","2/18/14",1566.8057,16.82627,5.1685
"532","2/18/15",80.4799101,0.29761,16.3965508
"533","2/19/10",4829.7859,36.556,95.405
"534","2/19/13",1104.6929,67.138289,12.5540131
"535","2/19/14",2088.00663,101.52768,10.1386904
"536","2/19/15",40.51383,18.868316,697.2465036
"537","2/2/10",733.21766,23.653,19.2145
"538","2/2/13",67.088,38.27764,146.405
"539","2/2/14",930.445594,440.20514,0.44233
"540","2/2/15",114.02512,1.635287,3.14551
"541","2/20/10",166.386,201.32,106.273
"542","2/20/13",8039.048802,184,64.2865926
"543","2/20/14",2551.884843,380.139774,8.9422621
"544","2/20/15",145.653068,1.195567,24.252938
"545","2/21/10",455.9966,392.25,2.7156
"546","2/21/13",1326.4950638,2137.2436,11.769604
"547","2/21/14",753.3791421,6.544198,10.580284
"548","2/21/15",89.058302,3.576378,3.425734
"549","2/22/10",1658.2751,48.182,2.868
"550","2/22/13",618.878995,95.2867,2.8440008
"551","2/22/14",3456.62795,828.9536,2.90414
"552","2/22/15",36.771806,4.703933,4.848183
"553","2/23/10",8761.073,23.451,8.06174
"554","2/23/13",1646.483319,20.9077,2.55
"555","2/23/14",1805.337811,2951.4437,2.653051
"556","2/23/15",44.298051,1.3190134,2.344504
"557","2/24/10",11856.98372,639.5599,7.16665
"558","2/24/13",5241.0538,36.5086747,186.388317
"559","2/24/14",134.3091,40.315,7.6866848
"560","2/24/15",14.776136,3.686288,4.34916
"561","2/25/10",226.8925,1251.644,16.84228
"562","2/25/13",908.738332,58.202358,1147.033763
"563","2/25/14",3095.13185,163.41201,6.3699857
"564","2/25/15",79.721134,10.8504806,22.4281884
"565","2/26/10",545.11407,40.166,7.93158
"566","2/26/13",498.265153,1093.512895,14.9462
"567","2/26/14",3544.0763,41.913619,3.606593
"568","2/26/15",169.766145,6.163772,10.84908
"569","2/27/10",3333.1844,198.459,9.95423
"570","2/27/13",2155.2705,1254.93378,1.055
"571","2/27/14",161.592,589.3945,4.508
"572","2/27/15",35.002663,6.386513,9.977942
"573","2/28/10",80096.9798,233.255,20.43839
"574","2/28/13",1583.6400493,707.4043,9.0613896
"575","2/28/14",6378.492822,122.33818,2.3122
"576","2/28/15",17.752636,2.345817,5.531686
"577","2/3/10",1683.6865,19.341,19.79119
"578","2/3/13",225.6445,469.1489,8.391986
"579","2/3/14",6128.6461024,2487.3865,1.7935477
"580","2/3/15",16.7394717,0.848711,3.9992986
"581","2/4/10",1447.8239,33.022,15.88764
"582","2/4/13",5540.73534,24.4289,3.195224
"583","2/4/14",141.811979,609.8735,3.043357
"584","2/4/15",30.990039,0.532187,38.692875
"585","2/5/10",1482.36297,19.363,16.58378
"586","2/5/13",3444.77345543,66.2129,8.929114
"587","2/5/14",719.69273,3033.473387,21.215015
"588","2/5/15",57.9586981,5.1003393,7.282796
"589","2/6/10",142.425,7.298,1.7875
"590","2/6/13",2574.965223,794.699975,5.474
"591","2/6/14",14258.367171,2397.87728,22.660854
"592","2/6/15",43.756574,4.970196,26.476919
"593","2/7/10",2493.504,626.725,1.23041
"594","2/7/13",418.933444,889.56114,16.748208
"595","2/7/14",2981.387414,279.881745,22.17173
"596","2/7/15",77.136605,53.84591,16.06623
"597","2/8/10",125.071,345.164,17.31137
"598","2/8/13",197.392205,92.758686,3.95585
"599","2/8/14",671.66359,41.828879,3.015147
"600","2/8/15",7.698501,5.254432,1.16043
"601","2/9/10",171292.18443,230.924,15.46915
"602","2/9/13",65.7459,144.8293,1.74302
"603","2/9/14",5547.9963,1243.49872,4.577
"604","2/9/15",17.2839,0.492727,6.81906
"605","3/1/10",105.081,25.193,4.26255
"606","3/1/13",8757.748643,1840.174274,11.2544
"607","3/1/14",172.1866,3207.65563,3.0303695
"608","3/1/15",14.521275,0.520774,4.837037
"609","3/10/10",558.06356,27.123,45.448979
"610","3/10/13",900.0412,823.2144,6.0365
"611","3/10/14",2156.33521,586.815,9.854
"612","3/10/15",11.22651,3.6945051,9.5052
"613","3/11/10",405368.372,112.047,23.33271
"614","3/11/13",4224.890666,92.8302,10.65
"615","3/11/14",536.378182,345.8273,3.979
"616","3/11/15",89.464685,8.320259,26.55204
"617","3/12/10",93.1844,306.835,37.17064
"618","3/12/13",340.3607,2052.1665,223.8758819
"619","3/12/14",1364.461576,547.21194,3.4781239
"620","3/12/15",31.5596921,2.166945,14.25794
"621","3/13/10",204.299,2245.993,3.736728
"622","3/13/13",381.65066,6342.88861,51.146
"623","3/13/14",788.828797,13.1548,14.0488797
"624","3/13/15",36.673815,2.38097,6.337714
"625","3/14/10",31.511,11.985,18.6971
"626","3/14/13",629.66802,227.7227,13.4765
"627","3/14/14",1410.15903,1259.61667,14.253091
"628","3/14/15",12.395668,1.061893,13.002392
"629","3/15/10",637.8818,23.5457,10.06039
"630","3/15/13",173.8463849,2445.3047,32.715317
"631","3/15/14",393.032,447.3875,3.273
"632","3/15/15",135.632272,50.129196,1.37263
"633","3/16/10",111.804,38.953,14.506725
"634","3/16/13",490.243,87.73079,3.019018
"635","3/16/14",600.7375,2528.24368,11.465294
"636","3/16/15",82.348281,7.416296,8.357966
"637","3/17/10",342.244135,2.529,30.338587
"638","3/17/13",6448.423,583.7636,33.58299
"639","3/17/14",152.9885,43.54864,18.571765
"640","3/17/15",66.02854,1.7220902,18.239471
"641","3/18/10",689.67162,15.698,31.138059
"642","3/18/13",463.117,272.9574,2.5585625
"643","3/18/14",1296.975809,33.5095,24.113739
"644","3/18/15",123.986618,0.986446,0.930936
"645","3/19/10",41110.37322,12.7341,10.33506
"646","3/19/13",485.0177543,332.33507,3.567044
"647","3/19/14",393.696554,145.00728,16.454072
"648","3/19/15",19.416708,0.5016914,3.84024
"649","3/2/10",548.5933,58.784,5.68693
"650","3/2/13",3713.2153,282.3803,3.435915
"651","3/2/14",51.62515,38.996,0.948
"652","3/2/15",19.128446,0.0286261,3.709798
"653","3/20/10",1852.793,3.003,8.13632
"654","3/20/13",414.449558,8230.7379073,45.6734073
"655","3/20/14",687.07253,763.5086,10.319477
"656","3/20/15",17.178965,0.122724,12.182916
"657","3/21/10",5341.389,27.139,1.98346
"658","3/21/13",149.681,1619.3091,6.152
"659","3/21/14",417.051275,2015.4636,36.001
"660","3/21/15",21.973444,4.0158795,9.34526
"661","3/22/10",1762.914,12.123,27.63064
"662","3/22/13",253.183039,399.34616,3.4654
"663","3/22/14",437.0338,1037.28301,9.709
"664","3/22/15",21.258753,0.174946,0.86364
"665","3/23/10",154.95832,955.69,7.10131
"666","3/23/13",1897.17665,50.55155,249.430400282
"667","3/23/14",1256.868026,358.68078,28.551074
"668","3/23/15",75.08783,1.08151,4.396155
"669","3/24/10",1668.8168,22.519,9.03263
"670","3/24/13",3892.597567,243.4577,11.4078
"671","3/24/14",684.802002,16.325667,1.0121742
"672","3/24/15",14.58989,0.956171,10.655914
"673","3/25/10",257.43502,57.149,24.1342
"674","3/25/13",164.8082302,782.4263,8.3022012
"675","3/25/14",2285.4735625,49.3175,9.70646
"676","3/25/15",52.298827,5.7227924,11.887654
"677","3/26/10",1517.2316,8.481,13.0009
"678","3/26/13",1107.22743,1987.952107,44.9950493
"679","3/26/14",441.467027,248.63279,2.796
"680","3/26/15",50.3562808,0.311951,21.050752
"681","3/27/10",1902.845,171.76,11.69374
"682","3/27/13",5253.738996,756.48772,37.5653
"683","3/27/14",3309.35465,635.69012,9.51936
"684","3/27/15",56.282716,7.491289,13.772982
"685","3/28/10",49.432,26.935,20.67279
"686","3/28/13",180.57923492,274.8932,15.9803693
"687","3/28/14",754.7347,2709.34605,5.5457524
"688","3/28/15",10.8138833,1.830117,7.38473
"689","3/29/10",251.1056,13.112,16.04762
"690","3/29/13",296.9366156,994.9575,15.3216746
"691","3/29/14",1737.094896,60.6526,3.550381
"692","3/29/15",36.37335,0.80185,0.69564
"693","3/3/10",160.31713,24.981,5.11621
"694","3/3/13",4984.172804,18.55865,1.20481
"695","3/3/14",951.524656,875.214997,1.718013
"696","3/3/15",25.517715,1.229966,6.301818
"697","3/30/10",81.83019,24.614,6.248643
"698","3/30/13",103.88368,332.1219,2.801136986
"699","3/30/14",122.3329,1.0924,16.38905
"700","3/30/15",20.691431,4.655305,1.07364
"701","3/31/10",5243.7171,41.884,51.224328
"702","3/31/13",538.172263,5.211,11.316
"703","3/31/14",2636.4342,130.52631,4.1427
"704","3/31/15",109.47315,4.22226,3.2687
"705","3/4/10",569.0489,70.7965,6.38609
"706","3/4/13",7116.170837,830.77614,54.5842946
"707","3/4/14",4288.96838,77.2196,70.3067874
"708","3/4/15",22.87369,0.2281202,9.2475844
"709","3/5/10",11761.4466,127.123,67.48727
"710","3/5/13",1580.708309,1099.9859,14.3126
"711","3/5/14",6462.678001,507.95701,2.144144
"712","3/5/15",23.141848,13.544561,75.178616
"713","3/6/10",401.0514,32.053,4.60685
"714","3/6/13",5904.136659,2786.078544,19.446888
"715","3/6/14",3818.4795,15.35708,24.5952882
"716","3/6/15",13.814791,2.130065,3.026855
"717","3/7/10",1343.5916,37.343,2.9734
"718","3/7/13",2413.191385,138.922924,14.9048
"719","3/7/14",238.2251,37.6813132,1.6262855
"720","3/7/15",13.679923,29.578929,3.94292
"721","3/8/10",2117.107,41.157,1.258
"722","3/8/13",778.56642,866.6692,2.883
"723","3/8/14",592.72829,2252.8905,7.881
"724","3/8/15",3.4245,24.3225,1.2840221
"725","3/9/10",1243.34537,73.983,17.83851
"726","3/9/13",2222.0934,23.11039,23.29219
"727","3/9/14",1305.692211,11.8095,1.004
"728","3/9/15",30.973525,0.311525,1.00031
"729","4/1/10",412.428,19.698,27.43546
"730","4/1/13",1374.03729,299.8397,18.0031671
"731","4/1/14",888.82393,480.02824,15.526129
"732","4/1/15",3.997188,1.790966,51.50289
"733","4/10/10",2453.359,43.439,27.699
"734","4/10/13",11434.070023,509.493057,18.588551
"735","4/10/14",5545.4662716,708.58315,15.455235
"736","4/10/15",5.045303,0.13249,18.2085883
"737","4/11/10",1913.002,10.197,1.129
"738","4/11/13",221.8748,398.9938,1.777
"739","4/11/14",3503.553208,722.799,49.2084
"740","4/11/15",0.028603,1.819234,9.601305
"741","4/12/10",282.694,1383.671,20.211
"742","4/12/13",236.2723523,509.7353,19.7999531
"743","4/12/14",79.42042,488.89878,190.015132
"744","4/12/15",12.860224,6.8181358,0.0264705
"745","4/13/10",2314.0747,21.435,8.476
"746","4/13/13",476.164,145.84781891,105.58811
"747","4/13/14",1278.7416,3371.805,5.3102
"748","4/13/15",0.051482,0.046359,0.0030428
"749","4/14/10",249.083,249.534,7.223596
"750","4/14/13",1929.08,249.2467,4.7781
"751","4/14/14",143.57509,25.51718,26.762958
"752","4/14/15",26.915446,0.05458,17.79231
"753","4/15/10",462.526,82.2253,23.276
"754","4/15/13",2062.221,25.54532,29.996
"755","4/15/14",140.96207,141.7573,41.78909
"756","4/15/15",11.058135,0.510788,2.95684
"757","4/16/10",336.636,443.949,17.521
"758","4/16/13",1180.157611,534.69944,43.5454003
"759","4/16/14",82.53408,651.7012,16.351728
"760","4/16/15",1.64136,0.0520361,0.42223
"761","4/17/10",241.605,15.484,10.1572
"762","4/17/13",28115.8125859,2743.34366,6.637
"763","4/17/14",480.8622,261.780635,7.675224
"764","4/17/15",2.171431,0.391211,0.00701
"765","4/18/10",99.703,8.889,3.76143
"766","4/18/13",18378.695919,3306.8895,13.910112
"767","4/18/14",66.72122,141.0145,3.7003296
"768","4/18/15",3.544659,0.970828,0.00696
"769","4/19/10",1348.167,200.174,15.562
"770","4/19/13",4660.97129,1109.951668,2.1507438
"771","4/19/14",182.0921,481.295,0.0073
"772","4/19/15",45617.630258,7.66674,0.82064
"773","4/2/10",237.897,6.31,30.35649
"774","4/2/13",112.201764,121.70789,10.7990732
"775","4/2/14",274.146391,35.0487,4.8196399
"776","4/2/15",3.272705,0.23165,6.427815
"777","4/20/10",997.09,22.749,52.736
"778","4/20/13",2053.923,1634.5337,1.85308
"779","4/20/14",2303.9735,1101.259,0.22801
"780","4/20/15",0.111984,0.02042,21.00016
"781","4/21/10",19370.139,25.563,7.27
"782","4/21/13",2642.987,16.2646,1.97193
"783","4/21/14",2121.46117,1511.6252,1037.5527143
"784","4/21/15",47.12259,17.7354,0.5205
"785","4/22/10",243.68,4628.883,14.0921
"786","4/22/13",313.835463,249.9009,9.8461113
"787","4/22/14",5186.14,1554.044,12.1915
"788","4/22/15",8.45755,1.504585,0.0021
"789","4/23/10",328.767,11.466,9.464
"790","4/23/13",3184.80209583,390.59072,13.480088
"791","4/23/14",8278.13018,850.05,48.644348
"792","4/23/15",100.600803,0.5299339,1038.00009
"793","4/24/10",402.643,24.158,3.3043
"794","4/24/13",2363.19729,3228.3411,27.8946027
"795","4/24/14",269.663896,290.53127,60.558074
"796","4/24/15",101.046254,5.602157,0.00108
"797","4/25/10",161.548,102.704,9.201
"798","4/25/13",790.61885,536.8255,32.673559
"799","4/25/14",2467.591,708.0805,60.035654
"800","4/25/15",76.388878,13.917156,0.00279
"801","4/26/10",1917.362,29.134,80.069
"802","4/26/13",2735.6611184,14.7147,293.129186
"803","4/26/14",910.5867,7.72512,0.45766
"804","4/26/15",0.01985,1.1839378,24.31424
"805","4/27/10",3285.373,2207.813,37.499
"806","4/27/13",1111.7201655,202.912114,11.848555
"807","4/27/14",3807.16,354.0806,3.7033
"808","4/27/15",2.113128,0.036396,0.5005
"809","4/28/10",2467.565,34.543,5.46
"810","4/28/13",184.742,10.1401,9.18876
"811","4/28/14",2459.3644,336.1884,8.1035
"812","4/28/15",6.689912,0.852133,0.66448
"813","4/29/10",6407.186,83.127,59.324
"814","4/29/13",8595.729,881.6839,8.942038
"815","4/29/14",1689.6748,177.47739,10.5000135
"816","4/29/15",10.932935,0.241513,0.28667
"817","4/3/10",33.679,33.236,0.80613
"818","4/3/13",1970.128401,41.4237,3.176
"819","4/3/14",1845.0625,277.12255,24.568065
"820","4/3/15",0.162708,0.098359,25.00651
"821","4/30/10",112.567,15.181,15.161
"822","4/30/13",361.10477,368.6346,51.8356
"823","4/30/14",3108.8405733,253.00862,3.3679842
"824","4/30/15",7.05751,0.0461,0.27245
"825","4/4/10",138.201,37.09,12.233
"826","4/4/13",1054.033,163.516738,16.3601448
"827","4/4/14",194.37,20.8255,14.982657399
"828","4/4/15",2.820707,3.262884,3.00267
"829","4/5/10",274.739,63.389,4.811
"830","4/5/13",437.389429,95.802519,6.8904
"831","4/5/14",1003.2501292,105.19321,6.4052244
"832","4/5/15",3.17627,25.50075,0.00119
"833","4/6/10",1900.412,107.961,10.5236
"834","4/6/13",22672.6045,1385.858382,5.702
"835","4/6/14",747.278688,114.419,10.281365
"836","4/6/15",30.236611,0.082119,1.5773633
"837","4/7/10",571.841,26.049,50.633
"838","4/7/13",1257.168,1303.509,3.387
"839","4/7/14",354.729445,9.0002,56.5362785
"840","4/7/15",2669.082954,1.515999,0.61467
"841","4/8/10",859.171,968.659,16.9161
"842","4/8/13",5315.873178,274.438159,4.769653
"843","4/8/14",180.8356476,15402.989499,6.120735
"844","4/8/15",4.088244,68.417506,11.129079
"845","4/9/10",1183.957,1829.811,16.433
"846","4/9/13",1415.24448,695.228656,8.1215265
"847","4/9/14",218.650571,1297.4391,2.731926
"848","4/9/15",14.58795,2.276938,9.1843
"849","5/1/10",1754.023,38.814,29.8539
"850","5/1/13",1184.251971,147.2079,74.47044
"851","5/1/14",224.56323,11.08945,6.95252
"852","5/1/15",150.615576,1.081098,146.20137
"853","5/10/10",4609.48,67.545,1.561
"854","5/10/13",39393.289741,16.5229,6.926686078
"855","5/10/14",58.17258,453.02455,2.77654
"856","5/10/15",3.038469,0.020057,0.00318
"857","5/11/10",2335.4615,123.232,4.192
"858","5/11/13",347.457894,93.620794,73.006
"859","5/11/14",123.841,139.338172,2.413115
"860","5/11/15",1.27323,0.025834,0.00109
"861","5/12/10",267.33,29.984,2.711687
"862","5/12/13",247.124523,814.04993,1.708
"863","5/12/14",696.832007,92.281975,19.0766221
"864","5/12/15",12.723322,0.33041,0.62225
"865","5/13/10",1518.381,217.506,32.173
"866","5/13/13",109.581,16.9713,5.94487
"867","5/13/14",483.4523,95.7141,256.39233
"868","5/13/15",5.947471,0.088571,1.08531
"869","5/14/10",310.9,99.114,9.847
"870","5/14/13",563.04986,70.447933,6.493787
"871","5/14/14",1720.09476,17.09954,8.59155
"872","5/14/15",0.25171,10.5232391,40.77646
"873","5/15/10",613.425,280.465,17.8445
"874","5/15/13",4120.411632,102.0143,83.77
"875","5/15/14",726.78623,189.88686,10.693895
"876","5/15/15",36.493158,1.441405,3.000581
"877","5/16/10",125.045,177.763,3.023
"878","5/16/13",1500.9470457,402.3922,4.92917
"879","5/16/14",322.175415,4996.152965,4.8101345
"880","5/16/15",0.304365,0.789936,0.618948
"881","5/17/10",303.245,42.171,76.8215
"882","5/17/13",708.276816,2668.934634,13.2069
"883","5/17/14",1879.75886,5.334375,0.334
"884","5/17/15",0.10145,0.025839,0.029942
"885","5/18/10",1976.928,838.0481,51.225
"886","5/18/13",1416.7463,661.630445,4.2744
"887","5/18/14",359.226,2490.063,0.2094
"888","5/18/15",179.7237,1.54186,5.561501
"889","5/19/10",15769.197,179.932,30.151
"890","5/19/13",130.401,144.55314,12.708
"891","5/19/14",143.752659,286.881762,8.816
"892","5/19/15",4.559574,1.952355,0.19628
"893","5/2/10",2951.193,79.179,2.95
"894","5/2/13",4384.383,23.67893,70.167037
"895","5/2/14",2485.144735,478.027435,6.6202
"896","5/2/15",1.188009,0.064183,13.741496
"897","5/20/10",2263.463,66.722,8.8944
"898","5/20/13",3007.428769,58.7216,4.075488
"899","5/20/14",25433.897695,631.81474,12.6880035
"900","5/20/15",12.430744,0.823152,1.53895
"901","5/21/10",345.72,29.621,23.6878
"902","5/21/13",1091.132178,313.514,11.59013
"903","5/21/14",25061.54807,181.74192,3.328395
"904","5/21/15",0.109873,0.049803,1.00192
"905","5/22/10",1367.311,28.562,2.499
"906","5/22/13",20946.601832,31.2095,17.4650409
"907","5/22/14",627.487,2414.7728,38.46777
"908","5/22/15",22.997027,0.361907,12.15263
"909","5/23/10",200.747,29.005,13.7
"910","5/23/13",83989.9400954,36.81574,17.095503
"911","5/23/14",2216.6965,443.7218,41.063426
"912","5/23/15",18.13915,2.65324,0.86042
"913","5/24/10",607.768,38.522,6.134
"914","5/24/13",26162.5909,391.35175,8.707
"915","5/24/14",120.3474,220.12596,2.7356
"916","5/24/15",0.6297,6.688528,0.0274
"917","5/25/10",42498.584,929.405,274.254
"918","5/25/13",8386.7934,14.3643,9.3316
"919","5/25/14",154.08356,3.9567,9.711
"920","5/25/15",2.626334,0.982391,10.40125
"921","5/26/10",3460.688,84.785,16.974
"922","5/26/13",6722.6608465,4148.30386,2.2952
"923","5/26/14",182.165305,438.7629,7.75177
"924","5/26/15",4.845175,0.091575,3.34467
"925","5/27/10",300.886,256.1499,10.954
"926","5/27/13",632.3256871,44.580856,28.991
"927","5/27/14",546.107593,24.186824,5.527264
"928","5/27/15",6.504363,0.223631,1.062057
"929","5/28/10",1125.806,37.79363,50.844
"930","5/28/13",735.29687,502.0303,26.9545
"931","5/28/14",613.3081,205.333,15.7838105
"932","5/28/15",2.857975,1142.002959,0.00413
"933","5/29/10",2872.244,143.53,16.022
"934","5/29/13",2759.397625,1530.4688,4.63
"935","5/29/14",756.819839,2.62177,8.654
"936","5/29/15",1.98317,3.2788643,0.00627
"937","5/3/10",807.9436,33.019,1.745
"938","5/3/13",1148.6091,15.0355,3.293365
"939","5/3/14",749.027,13.2365,1.8135
"940","5/3/15",28.880507,0.023094,NA
"941","5/30/10",1132.907,245.676,11.75108
"942","5/30/13",631.744749,1139.34075,51.2236139
"943","5/30/14",134.01685,141.021,5.974
"944","5/30/15",109.970861,0.07292,0.00648
"945","5/31/10",539.709,56.408,12.024
"946","5/31/13",2439.1008,82.0112,7.4789001
"947","5/31/14",112.79,15.36989,1.515334
"948","5/31/15",0.20986,3.93921,3.65
"949","5/4/10",780.897,32.498,32.263
"950","5/4/13",928.15187,14.89532,1.8194
"951","5/4/14",101.061,147.288,8.2251223
"952","5/4/15",0.021355,1.024207,2.0045
"953","5/5/10",6397.159,18.636,10.91
"954","5/5/13",194.678,233.4525,3.10288
"955","5/5/14",664.342034,3.859,22.954554
"956","5/5/15",89.295582,0.42523,1.29368
"957","5/6/10",1293.066,105.33,17.486
"958","5/6/13",3814.33857,54.6412,9.725
"959","5/6/14",110.9755,3082.978232,210.4294
"960","5/6/15",3.911684,0.2421565,0.245418
"961","5/7/10",1988.7865,151.055,16.533
"962","5/7/13",995.0291,74.58724,12.644
"963","5/7/14",196.526,51.0201,72.586824
"964","5/7/15",1345.47835,4.362856,1.3659
"965","5/8/10",2069.79,197.231,14.796
"966","5/8/13",637.3294,3421.1061,28.3662603
"967","5/8/14",922.5072005,1243.9628,3.497
"968","5/8/15",261.119271,0.069345,1.03375
"969","5/9/10",722.468,32.66,10.383
"970","5/9/13",185.825313,2017.28958,2.198767
"971","5/9/14",636.6134,31.420544,2.777801
"972","5/9/15",0.998418,1.7841081,0.5097912
"973","6/1/10",598.362,118.932,29.9701
"974","6/1/13",15538.3977,1074.2188,2.524
"975","6/1/14",114.61088,222.92372,2.502
"976","6/1/15",14.804618,0.118367,15.7013
"977","6/10/10",4593.788,430.607,9.058
"978","6/10/13",306.5050005,12.891453,4.9243177
"979","6/10/14",483.42677,11.63148,23.8258
"980","6/10/15",88.124112,4.186779,2.071936
"981","6/11/10",1407.2638,255.743,8.262
"982","6/11/13",3046.18118,639.168833,26.8302922
"983","6/11/14",1921.933,56.462466,53.7273
"984","6/11/15",0.263296,0.2567432,0.1085524
"985","6/12/10",18.735,32.937,30.611
"986","6/12/13",341.238,413.6328,13.27553
"987","6/12/14",360.635324,1275.366,72.775
"988","6/12/15",60.079044,2.287265,2.0012948
"989","6/13/10",443.785,150.837,16.832
"990","6/13/13",5060.6819669,738.78113957,14.3501866
"991","6/13/14",261.50436,5511.472816,0.155
"992","6/13/15",5.787236,1.264845,10.3311
"993","6/14/10",100.851,132.065,1.52156
"994","6/14/13",434.40084,10.722212,3.1593
"995","6/14/14",4514.735574,22.44308,6.4686
"996","6/14/15",0.004924,0.545484,1.124955
"997","6/15/10",2831.761,658.634,25.862
"998","6/15/13",110.967,43.616,11.02141
"999","6/15/14",300.331,3.928,5.9498
"1000","6/15/15",1.0133,6.23449,0.09151
"1001","6/16/10",1382.039,58.654,6.108
"1002","6/16/13",67.494,236.273,57.8465
"1003","6/16/14",203.0265,58.76005,59.907507
"1004","6/16/15",21.586827,27.628438,235.81261
"1005","6/17/10",1172.707,74.854,53.86189
"1006","6/17/13",155.039584,668.21821,355.363699
"1007","6/17/14",840.52786,743.18326,16.0778
"1008","6/17/15",0.101525,2.0776369,0.0592
"1009","6/18/10",2697.974,23.509,17.931
"1010","6/18/13",3131.758931,89.404,8.671525
"1011","6/18/14",422.506145,200.84929,9.2868
"1012","6/18/15",1.933361,3.828726,0.308813
"1013","6/19/10",267.066,96.524,87.928
"1014","6/19/13",549.19674,13.263805,1.3271586
"1015","6/19/14",1251.04763,67.8107,4.75669
"1016","6/19/15",5.206583,4.943174,0.10217
"1017","6/2/10",679.144,7.818,10.335
"1018","6/2/13",934.1125,1071.8757,2.0873151
"1019","6/2/14",534.5882874,190.84319,7.8856
"1020","6/2/15",231.961232,5.01135,2.988698
"1021","6/20/10",202.079,741.508,12.147
"1022","6/20/13",11117.842,44.65494,10.0565549
"1023","6/20/14",196.2367,586.50941,3.2451605
"1024","6/20/15",8.58803,29.829054,0.61927
"1025","6/21/10",91.015,17.547,316.408
"1026","6/21/13",258.314216,428.1195,101.03003
"1027","6/21/14",313.677,162.26945,10.13252
"1028","6/21/15",0.044877,0.1125829,0.00035
"1029","6/22/10",671.046,500.649,3.515
"1030","6/22/13",1515.24,122.1843,4.207
"1031","6/22/14",481.401,2.4867,32.06992
"1032","6/22/15",0.06196,0.6205852,1
"1033","6/23/10",840.963,50.264,6.234
"1034","6/23/13",55.682,750.1765,0.6707812
"1035","6/23/14",377.7492,274.98001,55.941
"1036","6/23/15",1.8063,0.98419,3.7163208
"1037","6/24/10",431.9914,74.009,18.275
"1038","6/24/13",134.467,36.68805,4.788
"1039","6/24/14",243.09083,1827.78774,6.148
"1040","6/24/15",2.954191,0.318665,0.87376
"1041","6/25/10",351.349,21.982,29.89468
"1042","6/25/13",580.632045,745.6044,50.851
"1043","6/25/14",1277.09115,636.30954,0.456262
"1044","6/25/15",0.792394,0.889274,0.5517
"1045","6/26/10",3270.06,15.041,28.082
"1046","6/26/13",7171.606502,524.84598,2.244008
"1047","6/26/14",246.42107,1594.3679,4.766948
"1048","6/26/15",22.769928,3.0236,0.87958
"1049","6/27/10",147.473,56.328,3.4216
"1050","6/27/13",2299.73489,2155.0695,67.3320278
"1051","6/27/14",1483.25076,377.05183,33.651071
"1052","6/27/15",0.03879,0.088726,46.00223
"1053","6/28/10",35.339,325.563055,7.155818
"1054","6/28/13",3663.157,36.1309,5.23394
"1055","6/28/14",436.711658,27.072177,4.415
"1056","6/28/15",10.4713,0.52038,1493.6116176
"1057","6/29/10",986.122,57.492,11.0890589
"1058","6/29/13",2798.131955,677.0633,4.902145
"1059","6/29/14",2143.47703,2001.83321,0.302896
"1060","6/29/15",8.38814,0.039864,29.2045872
"1061","6/3/10",635.422,33.127,2.579
"1062","6/3/13",7042.861775,73.959,131.5750701
"1063","6/3/14",1165.72394,1905.39383,5.8511769
"1064","6/3/15",33.99537,0.050805,0.00225
"1065","6/30/10",202.013149,244.044,17.27559
"1066","6/30/13",831.351,9.4467,33.989
"1067","6/30/14",154.27955,693.57243,49.595
"1068","6/30/15",0.0093001,4.1292701,3.00247
"1069","6/4/10",1171.7821,34.276,25.181
"1070","6/4/13",1551.114133,390.58985522,6.320574
"1071","6/4/14",6044.097265,237.29543,7.2370164
"1072","6/4/15",3.176836,0.37231,0.0036205
"1073","6/5/10",2623.561,47.075,6.2685
"1074","6/5/13",2070.5946,634.307972,40.764838
"1075","6/5/14",2207.576332,1190.742469,15.745005
"1076","6/5/15",0.08196,3.2407616,30.00143
"1077","6/6/10",184.537,68.081,0.68864
"1078","6/6/13",2344.857628,272.4791,3.1540344
"1079","6/6/14",220.94577,57.772,24.9
"1080","6/6/15",34.188029,1.446187,4
"1081","6/7/10",12931.025,29.552,19.5143
"1082","6/7/13",3895.024805,419.27796,287.546668
"1083","6/7/14",854.1524,118.6841,29.758
"1084","6/7/15",316.03663,5.68826,145.0008
"1085","6/8/10",106.521,41.699,9.042
"1086","6/8/13",175.007802,289.103815,6.264365
"1087","6/8/14",48.9404,26.34619,1.952
"1088","6/8/15",0.10251,0.193748,0.50097
"1089","6/9/10",82.986,37.954,14.229
"1090","6/9/13",105.0343,140.8998,14.005
"1091","6/9/14",1646.0915381,2787.52198,7.853
"1092","6/9/15",18.1559539,7.0289741,0.00277
"1093","7/1/10",347.629,1310.873,17.9220288
"1094","7/1/13",9531.53113,51.2475,40.275
"1095","7/1/14",61.57776,768.4486,7.431
"1096","7/1/15",0.517652,23.8661801,0.30233
"1097","7/10/10",941.35,265.41,5.2328
"1098","7/10/13",1405.4225,1418.77925,3.80557
"1099","7/10/14",781.129621,334.8637,2.571
"1100","7/10/15",0.01367,0.037323,1.38774
"1101","7/11/10",171.065,23.817,2.736
"1102","7/11/13",1117.424153,32.318409,4.290809
"1103","7/11/14",798.62831,214.7447,0.022
"1104","7/11/15",0.46794,0.102081,0.6764
"1105","7/12/10",62.965,42.776,4.6728
"1106","7/12/13",1907.91362,596.2936,15.8766663
"1107","7/12/14",730.886,780.91239,10.390002
"1108","7/12/15",2.009094,1.49165,2.000255
"1109","7/13/10",322.912,26.411,13.9934
"1110","7/13/13",586.5762,13.0313,56.54915
"1111","7/13/14",3004.526,625.949945,1.875
"1112","7/13/15",15.93923,0.24624,1.7834
"1113","7/14/10",1518.827697,14.28569,7.69593
"1114","7/14/13",145.636081,843.8878,0.729
"1115","7/14/14",4506.392,64.471,3.108308
"1116","7/14/15",28.0531,0.00968,5.04187
"1117","7/15/10",711.936272,15.762,2.136073
"1118","7/15/13",1136.31704,43.3667,16.564
"1119","7/15/14",276.829,470.497,5.197
"1120","7/15/15",0.13171,0.643712,1.57193
"1121","7/16/10",246.691,107.325,5.0470322
"1122","7/16/13",755.67,134.9265,28.768932
"1123","7/16/14",4920.63278,810.76255,3.028085
"1124","7/16/15",18.987572,34.017615,5.17545
"1125","7/17/10",557.33,46.516,1.429
"1126","7/17/13",596.2821,1127.1443,5.757
"1127","7/17/14",1878.3956,27.59404,29.152
"1128","7/17/15",30.95393,27.053927,0.92321
"1129","7/18/10",266.01825,23.619,103.70613
"1130","7/18/13",1327.619478,1375.334255,4.891
"1131","7/18/14",152.3935,854.2648,4.70191
"1132","7/18/15",34.581866,0.677508,1.16991
"1133","7/19/10",1350.893,53.315,6.77037
"1134","7/19/13",129.79511,482.25959,12.898351
"1135","7/19/14",92.334974,819.456,0.903
"1136","7/19/15",0.01557,0.01333,1.0269
"1137","7/2/10",63.056546,105.75,24.5048886
"1138","7/2/13",299.964041,20.663821,14.9860286
"1139","7/2/14",1106.932452,310.3382,1.2762
"1140","7/2/15",3.737354,0.027949,1.381129
"1141","7/20/10",4126.811,41.398,2.23991
"1142","7/20/13",6233.2924,120.946,18.338845
"1143","7/20/14",427.4153,112.5681,0.35
"1144","7/20/15",0.034029,0.053333,0.00739
"1145","7/21/10",221.04,385.94,21.762024
"1146","7/21/13",322.261,695.4223,0.39755
"1147","7/21/14",2113.7367,58.6046,2.003
"1148","7/21/15",0.797114,0.529949,751.106041
"1149","7/22/10",203.123,5105.71,88.927011
"1150","7/22/13",1250.424,254.68367364,114.305
"1151","7/22/14",189.582015,246.81065,1.269083
"1152","7/22/15",0.222192,0.185972,0.10784
"1153","7/23/10",424.919,3258.012,111.361
"1154","7/23/13",460.7547,1953.0589,4.964881
"1155","7/23/14",857.566277,113.50643,12.8805
"1156","7/23/15",1.167349,11.654463,0.001681
"1157","7/24/10",3967.668,25.59,1.291
"1158","7/24/13",2767.0721,829.3277,2.9670753
"1159","7/24/14",3026.724295,71.219494,12.495
"1160","7/24/15",10.858227,0.354417,0.0015
"1161","7/25/10",46.366,45.689,9.07
"1162","7/25/13",5450.161066,94.0193,3.100515
"1163","7/25/14",1730.455509,713.502,0.089273
"1164","7/25/15",88.70725,0.361526,34.70102
"1165","7/26/10",1328.345,102.7528,161.45
"1166","7/26/13",1917.113294,2596.53755,9.874552
"1167","7/26/14",800.99,596.21226,0.031
"1168","7/26/15",135.70717,0.02072,1.42
"1169","7/27/10",244.47607,10.428,90.573
"1170","7/27/13",3336.6948,11.204634,5.6634
"1171","7/27/14",282.686844,2.65966,0.012
"1172","7/27/15",152.96825,419.979166,0.68321
"1173","7/28/10",655.989,23.005,63.377489
"1174","7/28/13",62.058,39.3769,2.631
"1175","7/28/14",951.88658,41.5506,59.056672
"1176","7/28/15",37.28212,2.685651,318.206374
"1177","7/29/10",1233.019,34.336,15.22411
"1178","7/29/13",201.444676,17.40158,1.4413
"1179","7/29/14",350.719688,3165.0044,11.7032
"1180","7/29/15",1.150602,0.043046,0.215961
"1181","7/3/10",952.104,284.298,24.767
"1182","7/3/13",6704.41904,42.528384,4.1694366
"1183","7/3/14",1045.07628,1675.94327,36.47129
"1184","7/3/15",0.323398,0.10793,3.00871
"1185","7/30/10",562.835,142.295,8.8209415
"1186","7/30/13",6891.85381,20.5058,203.81421
"1187","7/30/14",407.158,641.03503,19.927
"1188","7/30/15",6.43855,5.376687,1.20157
"1189","7/31/10",613.648,8.02,3.4
"1190","7/31/13",4317.755522,249.44325,9.398239
"1191","7/31/14",3068.4702,250.447,0.011
"1192","7/31/15",1.487569,1.4438068,8.198683
"1193","7/4/10",1953.541,41.502,4.722
"1194","7/4/13",1263.498333,51.012,129.273
"1195","7/4/14",302.872,21.13484,3.171
"1196","7/4/15",0.676562,1.101164,0.0109
"1197","7/5/10",151.038,16.335,10.52
"1198","7/5/13",1780.7975159,122.11071,10.0824732
"1199","7/5/14",109.775342,136.38982,3.9583
"1200","7/5/15",5.10958,1.60771,0.00215
"1201","7/6/10",893.018,23.358,3.93615
"1202","7/6/13",2859.8345,19.5155,1.17
"1203","7/6/14",1044.67252,68.14555,4.003
"1204","7/6/15",1014.485398,0.0943,4.00024
"1205","7/7/10",186.721,22.812,3.626
"1206","7/7/13",102.436,413.0138,21.6586
"1207","7/7/14",244.66451,5562.68943,3.067
"1208","7/7/15",17.779355,0.051579,0.00185
"1209","7/8/10",5180.0285137,313.77,4.633
"1210","7/8/13",562.829,1250.1821,11.828
"1211","7/8/14",1834.429,849.44085,0.108916
"1212","7/8/15",0.031527,4.792606,0.96287
"1213","7/9/10",869.215,58.137,6.7585
"1214","7/9/13",1070.538044,354.7348,5.630615
"1215","7/9/14",845.38183,279.18373,7.71263
"1216","7/9/15",9.499357,0.41535,0.9719
"1217","8/1/10",985.464,20.084,2.77293
"1218","8/1/13",377.099481818,555.153231,5.1327772
"1219","8/1/14",539.2717,285.2111,11.011623
"1220","8/1/15",33.021223,0.255159,4e-04
"1221","8/10/10",180.322,23.396,9.4596
"1222","8/10/13",4208.1889,361.1732,0.227159
"1223","8/10/14",43.2867,12.181,12.39
"1224","8/10/15",0.03163,4.603602,6.00096
"1225","8/11/10",264.955,18.62933,4.44703
"1226","8/11/13",1353.89872,506.1495,3.99804
"1227","8/11/14",32.0685,175.3248,4.008
"1228","8/11/15",48.250387,0.0293479,0.00157
"1229","8/12/10",602.474,54.043,10.7268
"1230","8/12/13",119.3473,45.8672,16.0613
"1231","8/12/14",1384.45007,32.945,6.78
"1232","8/12/15",0.084165,1.3122975,432.216876
"1233","8/13/10",5512.420046,5.249,91.866
"1234","8/13/13",176.70384,104.40084,2.719408
"1235","8/13/14",2594.822,88.5775,0.267718
"1236","8/13/15",0.073433,0.129732,3.302904
"1237","8/14/10",242.069,36.5857,2.425
"1238","8/14/13",715.1735,1691.3833,6.3989787
"1239","8/14/14",3141.303652,349.8931,1.244383
"1240","8/14/15",5.437923,2.0327441,0.00472
"1241","8/15/10",5166.264,33.325,1.929
"1242","8/15/13",390.11276,509.39598,5.525
"1243","8/15/14",4434.020004,291.464,2.868
"1244","8/15/15",0.147816,3.206347,0.0066
"1245","8/16/10",1598.935,16.026,3.3786513
"1246","8/16/13",4918.356373,814.9408113,2.3322375
"1247","8/16/14",230.695858,4.255045,3.636
"1248","8/16/15",0.1437,1409.177862,NA
"1249","8/17/10",410.508,37.2426,33.501265
"1250","8/17/13",7736.25155,984.6995,2.084
"1251","8/17/14",420.1635,6.56738,80.58
"1252","8/17/15",0.090042,0.0328193,2.49921
"1253","8/18/10",263.88339,20.6106,24.157449
"1254","8/18/13",72.5897,11.5267,2.6988
"1255","8/18/14",556.86775,1329.017019,0.42827
"1256","8/18/15",32.894258,0.095409,1.03904
"1257","8/19/10",228.3760765,122.028,3.6772
"1258","8/19/13",1639.068,1985.8715,5.9070288
"1259","8/19/14",818.276904,10.4666,18.12
"1260","8/19/15",66.516363,4.038184,1.6930203
"1261","8/2/10",324.922,791.0917,49.4501426
"1262","8/2/13",2183.6738836,1125.98315,1.4562
"1263","8/2/14",1730.460138,34.4767,0.005
"1264","8/2/15",0.303046,0.009573,5.30055
"1265","8/20/10",1063.7995,19.732,17.204
"1266","8/20/13",832.498174,853.619907,19.047
"1267","8/20/14",152.942946,721.692853,10.421
"1268","8/20/15",5.649844,1833.2965925,0.251972
"1269","8/21/10",40707.17,18.611,8.7973
"1270","8/21/13",1697.661,552.8655,0.4031574
"1271","8/21/14",156.78561,150.320565,24.304
"1272","8/21/15",3.7608,0.131314,0.205554
"1273","8/22/10",174.604,17,6.824
"1274","8/22/13",1034.2881,1214.7932,7.95887
"1275","8/22/14",1076.0229,416.31537,0.377796
"1276","8/22/15",2.92794,28.4620665,92.312201
"1277","8/23/10",702.411,371.704,8.818
"1278","8/23/13",5498.446599,18.805826,158.707
"1279","8/23/14",285.4491,580.71428,0.273
"1280","8/23/15",0.23041,0.00032,0.02
"1281","8/24/10",681.9670102,204.8049,3.229343
"1282","8/24/13",897.148,63.199698,1.853
"1283","8/24/14",886.66425,631.7819,0.016
"1284","8/24/15",0.0591,1.15747,0.00058
"1285","8/25/10",3715.8572,3311.477,15.3237162
"1286","8/25/13",163.2253,32.1145,0.954
"1287","8/25/14",480.27174,1837.917,0.017
"1288","8/25/15",0.365716,0.089992,1e-04
"1289","8/26/10",372.93702,50.466,9.954245
"1290","8/26/13",111.815878,614.377845907,12.37701
"1291","8/26/14",1443.712,120.4751,4.576
"1292","8/26/15",17.179102,0.023406,5.0002
"1293","8/27/10",557.851,50.883,5.4628
"1294","8/27/13",327.3936,1475.2378,37.9839
"1295","8/27/14",184.2548,283.6202,0.453
"1296","8/27/15",1.141269,6.022917,1.04592
"1297","8/28/10",110.584,238.765,0.366
"1298","8/28/13",527.5384,46.2038,12.9774
"1299","8/28/14",472.055641,129.454,11.047
"1300","8/28/15",0.04293,0.0387914,12.13558
"1301","8/29/10",60.772,43.874,1.311
"1302","8/29/13",186.4474,382.7642,100.834
"1303","8/29/14",627.3931,691.574,1.7869
"1304","8/29/15",6.33829,14.5556201,0.00033
"1305","8/3/10",698.515,25.364,9.611
"1306","8/3/13",10060.61914,437.37275,11.508
"1307","8/3/14",72.4452,27.83,NA
"1308","8/3/15",3.10352,0.17541,0.00152
"1309","8/30/10",145.747,28.386,4.813
"1310","8/30/13",728.3339088,98.39138,5.0930172
"1311","8/30/14",4041.6134,1701.9677,0.012
"1312","8/30/15",1.196134,27.990368,NA
"1313","8/31/10",277.871,24.497,6.11
"1314","8/31/13",1096.5589,301.3498,2.15
"1315","8/31/14",906.6797,4.9102,0.01
"1316","8/31/15",28.02995,3.019107,2.59203
"1317","8/4/10",107.023,33.585,11.9311
"1318","8/4/13",317.1223,1706.7707,0.119
"1319","8/4/14",711.3675,74.8458,2.006
"1320","8/4/15",12.46466,0.246388,7.20264
"1321","8/5/10",1224.462,571.972,6.049103
"1322","8/5/13",4151.583,467.610971,4.595
"1323","8/5/14",347.972408,504.1572,0.962665
"1324","8/5/15",2.11297,2.7482045,10.71596
"1325","8/6/10",395.351068,43.903,33.3850906
"1326","8/6/13",276.742,100.9338,34.501575
"1327","8/6/14",393.57676,331.53499,9.026
"1328","8/6/15",7.160758,3.151677,0.001602
"1329","8/7/10",286.686,142.265,1.351
"1330","8/7/13",20600.26849,268.62544,6.8372
"1331","8/7/14",1319.082692,532.70623,0.915491
"1332","8/7/15",0.03606,0.275731,41.924331
"1333","8/8/10",3182.5671,19.907,28.6170493
"1334","8/8/13",155.70411,229.56214,235.479
"1335","8/8/14",1434.123,2.01485,0.4687
"1336","8/8/15",19.087273,0.555056,26.211687
"1337","8/9/10",709.549,63.028,1.912117
"1338","8/9/13",306.237017,1446.1171,3.8931
"1339","8/9/14",176.212,386.2503,0.036
"1340","8/9/15",0.5149,0.0578435,2.345
"1341","9/1/10",1180.275,11.456,11.93743
"1342","9/1/13",482.4467,3.518,83.588
"1343","9/1/14",107.367,21.4991,92.81292
"1344","9/1/15",8.971785,6.562435,2.72141
"1345","9/10/10",414.89616,33.736,2.8108
"1346","9/10/13",375.8199,977.86458,9.03736
"1347","9/10/14",5582.43332,45.3371,2.411
"1348","9/10/15",0.3983,2.297573,0.530844
"1349","9/11/10",239.0244372,8.792,41.907733
"1350","9/11/13",10107.876309,174.48471,4.70452
"1351","9/11/14",49.027285,536.42386,14.061
"1352","9/11/15",4.369314,0.090838,332.01019
"1353","9/12/10",80.846,27.725,3.81449
"1354","9/12/13",2815.833515,402.0646,5.6969773
"1355","9/12/14",99.73851,345.2242,17.98299
"1356","9/12/15",0.08279,2.580917,0.9341
"1357","9/13/10",1290.597,44.743,10.05957
"1358","9/13/13",8740.0337,2710.7018,5.74271
"1359","9/13/14",2811.316847,206.9585,0.01
"1360","9/13/15",0.462902,333.609615,4.98302
"1361","9/14/10",804.106,26.494,14.6181035
"1362","9/14/13",798.181,209.51044,1.7576
"1363","9/14/14",1195.40548,468.78727,0.09169
"1364","9/14/15",6.083376,18.365256,0.918809
"1365","9/15/10",989.9820734,38.115,3.503
"1366","9/15/13",1296.897,623.23331,4.223
"1367","9/15/14",682.568009,11.43108,0.119
"1368","9/15/15",3.0879018,17.4057378,0.157699
"1369","9/16/10",610.498,320.3825,18.22
"1370","9/16/13",1493.63,12.7396,1.234
"1371","9/16/14",417.7454,23.653,0.149
"1372","9/16/15",103.40107,0.350402,4.272909
"1373","9/17/10",586.77859,654.514,15.447
"1374","9/17/13",1204.147522,1041.5392,7.12165
"1375","9/17/14",170.96386,9.29794,2.09228
"1376","9/17/15",16.496724,0.271256,5.481168
"1377","9/18/10",5189.219,1516.872,4.57221
"1378","9/18/13",34905.3596185,900.5836,6.665078
"1379","9/18/14",162.036715,199.361766,3.092
"1380","9/18/15",186.053199,0.070929,1.0031
"1381","9/19/10",777.603,162.27,2.009
"1382","9/19/13",152.31468,111.7078,8.034
"1383","9/19/14",258.11352,131.8087,0.043
"1384","9/19/15",1.126358,0.090249,12.579169
"1385","9/2/10",384.357,95.456,33.115122
"1386","9/2/13",1313.4395012,90.259298,5.615571
"1387","9/2/14",3560.318764,708.1789,0.003
"1388","9/2/15",18.09637,0.640483,0.72155
"1389","9/20/10",2897.657,144.477,8.551
"1390","9/20/13",644.6,1517.8036,10.1822
"1391","9/20/14",312.15,1.94,7.85395
"1392","9/20/15",1.19545,0.01328,6.500382
"1393","9/21/10",551.819,26.362,28.222001
"1394","9/21/13",353.629,193.566,3.086
"1395","9/21/14",39.5922,2.311,6.848
"1396","9/21/15",0.00492,3.26442,0.8018901
"1397","9/22/10",384.853,15.473,11.84
"1398","9/22/13",167.829076,682.1506,27.416
"1399","9/22/14",494.700548,518.77022,28.006
"1400","9/22/15",0.15403,1.116098,1.25078
"1401","9/23/10",1759.721,22.959,21.436089
"1402","9/23/13",4329.4693,570.5362,7.527
"1403","9/23/14",68.514399,28.3569,0.8597
"1404","9/23/15",0.048281,0.336309,0.01002
"1405","9/24/10",2624.376,316.543,26.862031
"1406","9/24/13",1554.56843,458.8607,0.721798
"1407","9/24/14",3197.1889,23.1322,11.07004
"1408","9/24/15",0.018284,3.349328,60.00111
"1409","9/25/10",112.22,70.831,25.7399
"1410","9/25/13",275.2546,86.20985,4.496
"1411","9/25/14",614.8597,1024.628025,0.71
"1412","9/25/15",3.421389,7.310273,59.00232
"1413","9/26/10",1136.265,155.964,2.793
"1414","9/26/13",6571.590261,378.236402865,34.5027
"1415","9/26/14",847.445187,820.67608,8.997
"1416","9/26/15",0.131668,0.055122,0.0015
"1417","9/27/10",370.534,42.35,3.208
"1418","9/27/13",480.044089,380.57134,8.965497
"1419","9/27/14",1848.49,1339.255819,10.246497
"1420","9/27/15",3.413822,3.56197,NA
"1421","9/28/10",1095.762,53.88,16.890721
"1422","9/28/13",1164.907,953.8925,2.72475
"1423","9/28/14",1732.45145,24.552255,0.002
"1424","9/28/15",2.53342,26.635551,0.00043
"1425","9/29/10",599.61021,28.777,4.003
"1426","9/29/13",140.9,36.0867,22.6432
"1427","9/29/14",1026.45993,19.7057,12.1936
"1428","9/29/15",1.822625,0.262522,0.01293
"1429","9/3/10",2865.892335,101.222,6.0973503
"1430","9/3/13",9319.183,769.2149,5.76242
"1431","9/3/14",6124.830851,8332.5307,4.789
"1432","9/3/15",0.24805,0.1079282,1718.0992546
"1433","9/30/10",774.137,29.991,27.3910225
"1434","9/30/13",1063.461121,159.8369,2.89
"1435","9/30/14",3144.051389,826.0735,0.449226
"1436","9/30/15",5.2054,0.740951,0.853866
"1437","9/4/10",3439.775,301.735,6.612
"1438","9/4/13",435.20133,36.5477,7.134835
"1439","9/4/14",159.31099,477.4588,1.764
"1440","9/4/15",480.870739,3.231945,16.09621
"1441","9/5/10",4045.86,109.919,18.585
"1442","9/5/13",769.2509703,5.474289,8.86304
"1443","9/5/14",1745.98487,219.32442,2.1485
"1444","9/5/15",0.073394,0.102739,0.80052
"1445","9/6/10",374.023,15.936,77.2806644
"1446","9/6/13",296.68366,3.6769,6.1662
"1447","9/6/14",3075.13,471.995,2.016
"1448","9/6/15",1.437477,6.2254365,892.26
"1449","9/7/10",1498.824,12.141,6.0227189
"1450","9/7/13",1706.3806,538.65271,18.834538
"1451","9/7/14",137.865,1396.7117,3.5522
"1452","9/7/15",4.1723,1.377584,2.21051
"1453","9/8/10",302.4692,18.882,32.9553291
"1454","9/8/13",1194.2946,1133.4159,0.614
"1455","9/8/14",632.534,746.14,0.06924
"1456","9/8/15",0.0324,0.1064389,18.917158
"1457","9/9/10",690.6084,369.95433,7.342048
"1458","9/9/13",830.4851,458.4322,11.554
"1459","9/9/14",1641.08293,55.28,3.2007
"1460","9/9/15",0.875903,4.3112612,1.690639
